{
"lengthUnit": "mil",
"remark": [],
"components": {
	"fields": ["COMPONENT_NO", "COMPONENT_NAME", "LAYER", "X_COORDINATE", "Y_COORDINATE", "ANGLE"],
	"rows": [
		[1, "BUZZER1", "T", 1475, -1300, 180],
		[2, "GND", "T", 1650.275, -214.7205, 90],
		[3, "LED1", "T", 1630, -880, 180],
		[4, "PROBE", "T", 1650, -110, 90],
		[5, "SCREW1", "T", 1645, -645, 0],
		[6, "VCC", "T", 1650, -425, 90],
		[7, "PAD1", "T", 1325.39, -1300, 0],
		[8, "PAD1", "B", 1325.39, -1300, 0],
		[9, "PAD2", "T", 1624.6, -1300, 0],
		[10, "PAD2", "B", 1624.6, -1300, 0],
		[11, "PAD3", "T", 1650.275, -214.7205, 0],
		[12, "PAD3", "B", 1650.275, -214.7205, 0],
		[13, "PAD4", "T", 1680, -880, 0],
		[14, "PAD4", "B", 1680, -880, 0],
		[15, "PAD5", "T", 1580, -880, 0],
		[16, "PAD5", "B", 1580, -880, 0],
		[17, "PAD6", "T", 1650, -110, 0],
		[18, "PAD6", "B", 1650, -110, 0],
		[19, "PAD7", "T", 1650, -425, 0],
		[20, "PAD7", "B", 1650, -425, 0]
	]
},
"pins": {
	"fields": ["PIN_NO", "PIN_NAME", "PIN_X", "PIN_Y", "LAYER", "PIN_TYPE", "NET_NAME", "NET_TYPE", "PAD_SHAPE", "PAD_SIZEX", "PAD_SIZEY", "HOLE_SIZE", "HOLE_LEN", "PAD_ANGLE"],
	"rows": [
		[1, "BUZZER1_1", 1624.6, -1300, "T", "DIP", "VCC", "", "C", 70.866, 70.866, 39.37, 39.37, 180],
		[2, "BUZZER1_1", 1624.6, -1300, "B", "DIP", "VCC", "", "C", 70.866, 70.866, 39.37, 39.37, 180],
		[3, "BUZZER1_2", 1325.39, -1300, "T", "DIP", "MAZE", "", "C", 70.866, 70.866, 39.37, 39.37, 180],
		[4, "BUZZER1_2", 1325.39, -1300, "B", "DIP", "MAZE", "", "C", 70.866, 70.866, 39.37, 39.37, 180],
		[5, "GND_1", 1650.275, -214.7205, "T", "DIP", "PROBE", "", "R", 55.118, 55.118, 35.434, 35.434, 90],
		[6, "GND_1", 1650.275, -214.7205, "B", "DIP", "PROBE", "", "R", 55.118, 55.118, 35.434, 35.434, 90],
		[7, "LED1_1", 1680, -880, "T", "DIP", "VCC", "", "C", 60, 60, 36, 36, 180],
		[8, "LED1_1", 1680, -880, "B", "DIP", "VCC", "", "C", 60, 60, 36, 36, 180],
		[9, "LED1_2", 1580, -880, "T", "DIP", "MAZE", "", "C", 60, 60, 36, 36, 180],
		[10, "LED1_2", 1580, -880, "B", "DIP", "MAZE", "", "C", 60, 60, 36, 36, 180],
		[11, "PROBE_1", 1650, -110, "T", "DIP", "PROBE", "", "R", 55.118, 55.118, 35.434, 35.434, 90],
		[12, "PROBE_1", 1650, -110, "B", "DIP", "PROBE", "", "R", 55.118, 55.118, 35.434, 35.434, 90],
		[13, "SCREW1_1", 1645, -645, "T", "DIP", "NET_1", "", "C", 78.7402, 78.7402, 78.7402, 78.7402, 0],
		[14, "SCREW1_1", 1645, -645, "B", "DIP", "NET_1", "", "C", 78.7402, 78.7402, 78.7402, 78.7402, 0],
		[15, "VCC_1", 1650, -425, "T", "DIP", "VCC", "", "R", 55.118, 55.118, 35.434, 35.434, 90],
		[16, "VCC_1", 1650, -425, "B", "DIP", "VCC", "", "R", 55.118, 55.118, 35.434, 35.434, 90],
		[17, "PAD1_2", 1325.39, -1300, "T", "DIP", "MAZE", "", "C", 70.866, 70.866, 39.37, 39.37, 180],
		[18, "PAD1_2", 1325.39, -1300, "B", "DIP", "MAZE", "", "C", 70.866, 70.866, 39.37, 39.37, 180],
		[19, "PAD2_1", 1624.6, -1300, "T", "DIP", "VCC", "", "C", 70.866, 70.866, 39.37, 39.37, 180],
		[20, "PAD2_1", 1624.6, -1300, "B", "DIP", "VCC", "", "C", 70.866, 70.866, 39.37, 39.37, 180],
		[21, "PAD3_1", 1650.275, -214.7205, "T", "DIP", "PROBE", "", "R", 55.118, 55.118, 35.434, 35.434, 90],
		[22, "PAD3_1", 1650.275, -214.7205, "B", "DIP", "PROBE", "", "R", 55.118, 55.118, 35.434, 35.434, 90],
		[23, "PAD4_1", 1680, -880, "T", "DIP", "VCC", "", "C", 60, 60, 36, 36, 180],
		[24, "PAD4_1", 1680, -880, "B", "DIP", "VCC", "", "C", 60, 60, 36, 36, 180],
		[25, "PAD5_2", 1580, -880, "T", "DIP", "MAZE", "", "C", 60, 60, 36, 36, 180],
		[26, "PAD5_2", 1580, -880, "B", "DIP", "MAZE", "", "C", 60, 60, 36, 36, 180],
		[27, "PAD6_1", 1650, -110, "T", "DIP", "PROBE", "", "R", 55.118, 55.118, 35.434, 35.434, 90],
		[28, "PAD6_1", 1650, -110, "B", "DIP", "PROBE", "", "R", 55.118, 55.118, 35.434, 35.434, 90],
		[29, "PAD7_1", 1650, -425, "T", "DIP", "VCC", "", "R", 55.118, 55.118, 35.434, 35.434, 90],
		[30, "PAD7_1", 1650, -425, "B", "DIP", "VCC", "", "R", 55.118, 55.118, 35.434, 35.434, 90]
	]
}
}